{
    "Loss": 4.913170228903634,
    "Accuracy": 0.50735,
    "Top5_Accuracy": 0.7329928571428571,
    "Score_diff": 0.12203892878357853,
    "Normalized_score_diff": 0.14637754296064376,
    "n_samples": 140000
}