{
    "Loss": 5.092063190569196,
    "Accuracy": 0.46922142857142857,
    "Top5_Accuracy": 0.6868214285714286,
    "Score_diff": 0.14596273670558418,
    "Normalized_score_diff": 0.18059586097512925,
    "n_samples": 140000
}