{
    "Loss": 2.7358877267565047,
    "Accuracy": 0.5459714285714286,
    "Top5_Accuracy": 0.8685928571428572,
    "Score_diff": 288.1039284598214,
    "Normalized_score_diff": 0.1760291953086853,
    "n_samples": 140000
}