{
    "Loss": 0.9385388114656721,
    "Accuracy": 0.6790071428571428,
    "Top5_Accuracy": 0.9812357142857143,
    "Score_diff": 45.35958165381977,
    "Normalized_score_diff": 0.17575858476907014,
    "n_samples": 140000
}