{
    "Loss": 0.9254802035331726,
    "Accuracy": 0.6863642857142858,
    "Top5_Accuracy": 0.9808857142857142,
    "Score_diff": 44.56960225234713,
    "Normalized_score_diff": 0.17056342812052794,
    "n_samples": 140000
}