{
    "Loss": 3.1584654307774134,
    "Accuracy": 0.5480928571428572,
    "Top5_Accuracy": 0.8213142857142857,
    "Score_diff": 1.443416314441817,
    "Normalized_score_diff": 0.15541763361564703,
    "n_samples": 140000
}